{
    "name": "root",
    "gauges": {
        "MoveToGoal.Policy.Entropy.mean": {
            "value": 1.4245432615280151,
            "min": 1.4174649715423584,
            "max": 1.4265366792678833,
            "count": 3
        },
        "MoveToGoal.Policy.Entropy.sum": {
            "value": 70856.78125,
            "min": 70856.78125,
            "max": 71667.03125,
            "count": 3
        },
        "MoveToGoal.Step.mean": {
            "value": 149961.0,
            "min": 49992.0,
            "max": 149961.0,
            "count": 3
        },
        "MoveToGoal.Step.sum": {
            "value": 149961.0,
            "min": 49992.0,
            "max": 149961.0,
            "count": 3
        },
        "MoveToGoal.Policy.ExtrinsicValueEstimate.mean": {
            "value": 0.5264543294906616,
            "min": 0.28796470165252686,
            "max": 0.5264543294906616,
            "count": 3
        },
        "MoveToGoal.Policy.ExtrinsicValueEstimate.sum": {
            "value": 570.1500244140625,
            "min": 281.6294860839844,
            "max": 570.1500244140625,
            "count": 3
        },
        "MoveToGoal.Environment.EpisodeLength.mean": {
            "value": 57.895591647331784,
            "min": 57.895591647331784,
            "max": 196.01639344262296,
            "count": 3
        },
        "MoveToGoal.Environment.EpisodeLength.sum": {
            "value": 49906.0,
            "min": 47828.0,
            "max": 50884.0,
            "count": 3
        },
        "MoveToGoal.Environment.CumulativeReward.mean": {
            "value": 0.9488966318234611,
            "min": -0.15217391304347827,
            "max": 0.9488966318234611,
            "count": 3
        },
        "MoveToGoal.Environment.CumulativeReward.sum": {
            "value": 817.0,
            "min": -42.0,
            "max": 817.0,
            "count": 3
        },
        "MoveToGoal.Policy.ExtrinsicReward.mean": {
            "value": 0.9488966318234611,
            "min": -0.15217391304347827,
            "max": 0.9488966318234611,
            "count": 3
        },
        "MoveToGoal.Policy.ExtrinsicReward.sum": {
            "value": 817.0,
            "min": -42.0,
            "max": 817.0,
            "count": 3
        },
        "MoveToGoal.Losses.PolicyLoss.mean": {
            "value": 0.023997351275756952,
            "min": 0.023997351275756952,
            "max": 0.025782753110009556,
            "count": 3
        },
        "MoveToGoal.Losses.PolicyLoss.sum": {
            "value": 0.11998675637878477,
            "min": 0.10313101244003822,
            "max": 0.12739299123641104,
            "count": 3
        },
        "MoveToGoal.Losses.ValueLoss.mean": {
            "value": 0.00876337635718907,
            "min": 0.00876337635718907,
            "max": 0.020168609008348236,
            "count": 3
        },
        "MoveToGoal.Losses.ValueLoss.sum": {
            "value": 0.04381688178594535,
            "min": 0.04381688178594535,
            "max": 0.10084304504174119,
            "count": 3
        },
        "MoveToGoal.Policy.LearningRate.mean": {
            "value": 0.00022529582490139999,
            "min": 0.00022529582490139999,
            "max": 0.0002841045052985,
            "count": 3
        },
        "MoveToGoal.Policy.LearningRate.sum": {
            "value": 0.0011264791245069999,
            "min": 0.0011264791245069999,
            "max": 0.0012805854731382002,
            "count": 3
        },
        "MoveToGoal.Policy.Epsilon.mean": {
            "value": 0.17509859999999997,
            "min": 0.17509859999999997,
            "max": 0.19470150000000003,
            "count": 3
        },
        "MoveToGoal.Policy.Epsilon.sum": {
            "value": 0.8754929999999999,
            "min": 0.7788060000000001,
            "max": 0.9268618000000003,
            "count": 3
        },
        "MoveToGoal.Policy.Beta.mean": {
            "value": 0.00375742014,
            "min": 0.00375742014,
            "max": 0.00473560485,
            "count": 3
        },
        "MoveToGoal.Policy.Beta.sum": {
            "value": 0.0187871007,
            "min": 0.0187871007,
            "max": 0.021350403820000002,
            "count": 3
        },
        "MoveToGoal.IsTraining.mean": {
            "value": 1.0,
            "min": 1.0,
            "max": 1.0,
            "count": 3
        },
        "MoveToGoal.IsTraining.sum": {
            "value": 1.0,
            "min": 1.0,
            "max": 1.0,
            "count": 3
        }
    },
    "metadata": {
        "timer_format_version": "0.1.0",
        "start_time_seconds": "1633999335",
        "python_version": "3.8.5 (default, Oct  2 2020, 12:35:01) \n[Clang 12.0.0 (clang-1200.0.32.2)]",
        "command_line_arguments": "/Users/olestole/code/unity/ML-Agents/venv/bin/mlagents-learn --run-id=MoveToGoal --force",
        "mlagents_version": "0.27.0",
        "mlagents_envs_version": "0.27.0",
        "communication_protocol_version": "1.5.0",
        "pytorch_version": "1.7.1",
        "numpy_version": "1.21.2",
        "end_time_seconds": "1633999469"
    },
    "total": 134.17460506499998,
    "count": 1,
    "self": 0.0073446559999581496,
    "children": {
        "run_training.setup": {
            "total": 0.04362385899999999,
            "count": 1,
            "self": 0.04362385899999999
        },
        "TrainerController.start_learning": {
            "total": 134.12363655000001,
            "count": 1,
            "self": 0.23136881899995387,
            "children": {
                "TrainerController._reset_env": {
                    "total": 8.196334352000001,
                    "count": 1,
                    "self": 8.196334352000001
                },
                "TrainerController.advance": {
                    "total": 125.62478234000008,
                    "count": 10411,
                    "self": 0.2326632469997918,
                    "children": {
                        "env_step": {
                            "total": 84.41182212500021,
                            "count": 10411,
                            "self": 77.45013558300067,
                            "children": {
                                "SubprocessEnvManager._take_step": {
                                    "total": 6.8129729539994965,
                                    "count": 10411,
                                    "self": 0.6281983299993392,
                                    "children": {
                                        "TorchPolicy.evaluate": {
                                            "total": 6.184774624000157,
                                            "count": 8931,
                                            "self": 1.240500470000562,
                                            "children": {
                                                "TorchPolicy.sample_actions": {
                                                    "total": 4.944274153999595,
                                                    "count": 8931,
                                                    "self": 4.944274153999595
                                                }
                                            }
                                        }
                                    }
                                },
                                "workers": {
                                    "total": 0.1487135880000494,
                                    "count": 10410,
                                    "self": 0.0,
                                    "children": {
                                        "worker_root": {
                                            "total": 125.52167377199953,
                                            "count": 10410,
                                            "is_parallel": true,
                                            "self": 62.81580475999914,